{"cameraMode":{"drawMode":0,"name":"Shaded","section":"Shading Mode"},"sceneLighting":true,"audioPlay":false,"sceneViewState":{"m_AlwaysRefresh":false,"showFog":true,"showSkybox":true,"showFlares":true,"showImageEffects":true,"showParticleSystems":true,"showVisualEffectGraphs":true,"m_FxEnabled":true},"in2DMode":false,"pivot":{"x":-4.8657708168029789,"y":-7.64335823059082,"z":23.147720336914064},"rotation":{"x":-0.14956548810005189,"y":-0.048332586884498599,"z":0.007320091128349304,"w":-0.9875449538230896},"size":22.01834487915039,"orthographic":false}